id;name_cp;function_cp;phone_number_cp;email_cp
1;Data;24 hour;Dynamic Auto Loan Account Chips;Factors Dynamic
2;Investment Account Bike programming;neural partnerships Auto Loan Account;Borders;redundant Washington Granite
3;Cambridgeshire innovative;Mouse Strategist;deposit challenge;maximized
4;Mountain;Dynamic tangible;ubiquitous;Turnpike
5;hard drive;parse Gorgeous back-end;implementation;Missouri throughput
6;Human;Grass-roots Bedfordshire parse;Outdoors communities methodologies;Corporate
7;utilisation redundant;asymmetric Bike;facilitate;bypassing
8;Keys;tertiary Ergonomic Exclusive;red Center;COM info-mediaries Avon
9;generate Pants;intangible;index Practical Metal Chair;connect
10;Enhanced bandwidth;Rubber Chief;Nebraska;Soft workforce
