id;code_site;code_application;transcoding;compression
1;solution-oriented;Outdoors Sleek capacitor;Bike Forge;Strategist collaborative
2;Lead Small;Specialist Ohio Nevada;Clothing;Director
3;COM Electronics background;Computers world-class;invoice;hack Greece hack
4;port;pixel;groupware Cambridgeshire;navigate parse
5;Mexican Peso Mexican Unidad de Inversion (UDI);Devolved invoice;Unbranded driver Dynamic;compress Handmade
6;innovate Egyptian Pound Ergonomic;bifurcated Quality-focused;Kiribati;calculating
7;system;Intelligent Fresh Cheese primary Quality-focused;Money Market Account Sleek Steel Hat Electronics;primary Computers Gorgeous Granite Soap
8;architect Lead Metal;deposit;Qatar port;Books
9;Books West Virginia;invoice Spring Group;generating Philippine Peso;Wooden Practical
10;Fish withdrawal;Minnesota Berkshire;Triple-buffered orange;microchip local area network National
