id;format_transfer;jhi_user;key
1;Brand;Investment Account;Investor Industrial
2;Consultant;value-added workforce redefine;Knolls deposit Savings Account
3;circuit;Granite;Tasty Books Paradigm
4;matrix Baby;mindshare Canada index;Granite optical Boliviano Mvdol
5;budgetary management;Credit Card Account Towels;Gold Auto Loan Account grey
6;Cheese;zero tolerance Manager;Web program Small Soft Cheese
7;system hard drive Producer;compress Azerbaijanian Manat Frozen;Dynamic back-end visualize
8;Falkland Islands Pound HDD United States Minor Outlying Islands;sky blue Sleek;connect
9;redundant Baht;Principal;infomediaries Tunisian Dinar Indonesia
10;Quality Liaison;Fresh;invoice AI Tanzanian Shilling
